image,od_dice,od_assd,oc_dice,oc_assd
g0003.png,0.2233199555178348,10.0,0.5523906414644066,8.497296815440116
g0005.png,0.666942393106681,5.038000170473809,0.8108843541090683,2.7840189729902542
g0006.png,0.38034793484425233,9.711120585108802,0.5257167875621397,9.257018915154065
g0007.png,0.42808784009366563,6.461450303013839,0.6014724715097052,9.027735973476068
g0009.png,0.8299512988163208,2.2323639662504657,0.8080050035271942,2.799027746955691
g0010.png,0.761711972410561,2.852114563238831,0.6967191943984511,5.6562864219245945
g0011.png,0.6455801107420027,3.750503679613374,0.6041461011794841,7.2095118487577015
g0012.png,0.9066564063819497,1.1244589525705253,0.9190025132050985,1.1782653104268221
g0013.png,0.8354590827573009,1.8197440054846394,0.8426573429324172,2.44585124198241
g0014.png,0.3282019709604357,5.729793087520452,0.5137569607650205,10.0
g0016.png,0.6466860766854888,3.3567650618578595,0.7173190077803543,5.068307779979021
g0017.png,0.6509329473878053,3.219910899153992,0.6646690989256525,5.981776940760213
g0018.png,0.3139954861015853,9.049647398200399,0.5385543290910696,9.615425664206418
g0019.png,0.6896254226115281,3.2870752354556227,0.6594135602236785,6.224243830207217
g0020.png,0.9275703047946737,0.7610156531896712,0.9090552726204326,1.2459514730599828
g0021.png,0.8273067333016625,2.085770962897398,0.8387219478152873,2.41285738059917
g0022.png,0.697369800011857,4.0871306889386085,0.711283186160085,5.522915871764581
g0023.png,0.8358868315462511,2.460556152522177,0.8364289995968496,3.1204193041421524
g0024.png,0.5818237410518813,4.097380413720688,0.69612436148198,5.837625774685909
g0025.png,0.49023743146456394,5.205817037596628,0.6050677859868724,8.895633620064327
g0026.png,0.5129838318528631,5.5544928354624705,0.6131907311661228,8.660839055877156
g0027.png,0.7882148154289118,2.6866707708066793,0.8814195039217837,1.9536891345340566
g0028.png,0.5889960548125865,2.88753240336733,0.691993374166766,5.843325726109123
g0029.png,0.738625773329979,2.7476856653302155,0.8206637243409126,2.7480529983728186
g0030.png,0.5452646243512669,3.9690064685721436,0.6580718771727645,6.6495708283590655
g0032.png,0.7915137187883322,2.622553581367475,0.8075744920529455,3.3937318321767953
g0034.png,0.08470939538696763,10.0,0.429877639216164,10.0
g0035.png,0.45325259248256483,4.1627609318415555,0.6067495562995119,8.423535034949051
g0036.png,0.5098700864603761,4.100235115234759,0.6716113483482187,6.8306344987780285
g0037.png,0.6996389893503977,3.74402580114716,0.7708185056099425,4.172265605264109
g0038.png,0.5345665468454566,4.064987727306448,0.635270541414401,7.6914809980365115
g0039.png,0.8036336487035629,2.5800761869334146,0.7575808914830071,3.9653456146372177
g0040.png,0.4887328070542066,4.03273756592014,0.6461847026655259,7.383138028775823
n0001.png,0.7506359012760556,4.193626662766182,0.7665130571942964,3.7882214519178423
n0002.png,0.8056106546681729,3.374307623383383,0.8673508174318685,1.9758173786181645
n0003.png,0.8680881822420757,1.7312615223839356,0.8333756027558316,2.060459574070565
n0005.png,0.9021925906232782,1.3898082523545014,0.8819178783934765,1.5676451568777283
n0006.png,0.7140212549098243,4.161789013311052,0.7974188506112264,3.1865944183066137
n0007.png,0.8679058591646718,1.9059502745685353,0.8682262366946217,1.6010569521293083
n0008.png,0.871946813215821,1.7473092504457866,0.8747110497579496,1.7137117240379187
n0009.png,0.7862789110050361,3.4003231716447733,0.8018595706927548,3.1114910632908734
n0010.png,0.7876568527964177,3.4369497436297247,0.7973746216806217,3.154032787069419
n0011.png,0.8751562283883098,1.6059764465270154,0.8991212655551472,1.5533807239405684
n0013.png,0.8438833785128443,2.3229625576419877,0.87405100277584,1.874115463743928
n0014.png,0.773928810108823,3.966468846968887,0.8694388961876904,2.018123609512547
n0016.png,0.8611263737217538,1.8846651633910436,0.7977653636933929,2.6270982206828517
n0017.png,0.6934899233772003,3.5493302208154343,0.5369794913259178,8.391809465747023
n0018.png,0.8856663471442555,1.7250314425841426,0.9013968777703433,1.342662401278053
n0019.png,0.8180247243001297,2.2693030835358314,0.6790247840438752,5.3091350989818675
n0020.png,0.7966450217550622,3.299150507954037,0.9288174513417193,1.0693293890154871
n0021.png,0.7870592264138655,3.1557973331079388,0.848167539541131,2.2060318191802546
n0022.png,0.7841715109678569,3.116324904096573,0.8503419974687524,2.5432502332658924
n0023.png,0.7593661455769933,3.44665427489082,0.7767770544869377,3.9861493311567777
n0025.png,0.7371310145425805,3.665982337576531,0.7569528419634933,4.128489974055957
n0026.png,0.7335009780757189,3.7225620121556386,0.7555619766605577,3.998758783141283
n0027.png,0.7718794836135757,3.5700116670869564,0.8442937188966474,2.615650695269616
n0029.png,0.7616330898189617,3.0811984911370995,0.7932533933413448,3.599389058875384
n0030.png,0.7890430453047296,2.8204317762943125,0.7859095053356977,3.576125943530282
n0033.png,0.865916206044151,1.8449972204853875,0.8518263270116557,2.0396445258034834
n0034.png,0.8442771692692539,2.0004107500881307,0.7094673186567404,4.406495028357051
n0035.png,0.9037572255030656,1.2500165735865967,0.897781644415438,1.4458858331682483
n0036.png,0.9156108057091316,1.0566991139679023,0.9034517261044229,1.2477309666838399
n0037.png,0.8047669653827486,2.408626363501005,0.7948283175183801,3.0762970203034823
n0038.png,0.8783735585076843,1.816426703206758,0.9241994326627494,1.0891915407151755
n0039.png,0.5979071697068447,5.558496204481021,0.6794915067167381,6.049084184778039
n0040.png,0.8147002855526283,2.6828678616510926,0.7727362794279052,3.6889499214355084
n0041.png,0.8104969546248665,2.4529427584240224,0.8176700932236048,3.348237048384172
n0042.png,0.868869565293409,1.9189482227482588,0.8791208793499036,1.7939737661825934
n0043.png,0.6903991372098172,3.3848321165522233,0.6936988829700508,5.6816623695410255
n0044.png,0.84127361302051,2.134724719263897,0.8527366195150641,2.4156648172299513
n0046.png,0.8517328594902366,2.0203349890406166,0.8490341048198567,2.0056366854270937
n0047.png,0.8416713510451119,2.319076062704804,0.8839941265282272,1.6613671901780083
n0048.png,0.8300236407623973,2.547310691310295,0.8623853213945268,1.955381427886182
n0049.png,0.7512522541819013,3.813322762823432,0.8087977333574446,3.1984175299224655
n0051.png,0.8796382759720656,4.504339445674431,0.8908418133884325,1.504283644437559
n0052.png,0.9307303938534296,0.9378710489357084,0.8606595451447759,1.985703985836563
n0053.png,0.8375014958492871,2.282043529683721,0.839515240838202,2.427724764896177
n0057.png,0.8968466061619144,1.4377364029412318,0.8989053447115146,1.4625041066578341
n0058.png,0.8254127064779442,2.0291068135610613,0.8119423476116294,2.892165665307806
n0059.png,0.9131750622683603,1.1261595339837311,0.9275256223873982,1.0716215108257003
n0060.png,0.8791347796602778,1.7018189999862392,0.8716887419873991,1.86263730642969
n0061.png,0.8820993240633953,1.927518823449741,0.9512591390104405,0.6944866865931123
n0062.png,0.865302687705621,2.2365603731352777,0.9463879115164813,0.7427474121972633
n0063.png,0.9145225136599935,1.2786614201238538,0.951760104407301,0.6640046249048068
n0065.png,0.8971083498449028,1.5757359248506537,0.8472570001200616,2.1618867197921046
n0066.png,0.7946120572772206,3.097279937315551,0.7913119030559307,3.295425413072634
n0067.png,0.8216163937486451,2.517845064712438,0.827496757777475,2.5736193501175975
n0068.png,0.871973148002893,1.865715561561847,0.8267959457320496,2.4764600718389165
n0070.png,0.8765374253973659,1.8571458609974,0.8110423612302657,2.60189879908261
n0071.png,0.8642085188402997,1.9887551910393655,0.8013374204476528,2.7059081710372017
n0073.png,0.8119830092501753,3.2282480845690786,0.8994914748736292,1.612868819023991
n0074.png,0.8549493424863449,2.1681251126233168,0.8388142662371139,2.2944288370804373
n0075.png,0.8936597615231263,1.5579697990517962,0.8595564944887931,2.0023081018186755
n0076.png,0.802196630517063,3.00294446491933,0.8509234830954427,2.3386785246169834
n0078.png,0.9249006709275707,1.0417492245190476,0.8691290472660077,1.7391363344874464
n0079.png,0.8851712017411982,1.5278477156738268,0.8990623278193375,1.5001259698473763
n0080.png,0.8827924485924871,1.8166303774433676,0.8305726459286025,2.393706080470287
n0081.png,0.896901408508788,1.6205453687724773,0.8369322416556658,2.2327448674601733
n0082.png,0.8392934081291875,2.222381994380675,0.760529483271572,3.1407721820973435
n0083.png,0.9130994529183301,1.3980369002364643,0.8856304988386283,1.4304148958379959
n0084.png,0.8016844834456207,2.918266243655241,0.7691575445760174,3.2609828888246075
n0085.png,0.8356037867492474,2.5964435452177463,0.8257360963451776,2.5311349481578054
n0086.png,0.8152483046295951,2.7558132112432214,0.8435120963567719,2.4357223506428856
n0088.png,0.916317737777585,1.2112734592531142,0.8575418997729473,1.9504298360032455
n0089.png,0.8816617981943123,1.6938259635164148,0.8600457204469247,1.9052667154521232
n0090.png,0.9359167376213152,0.9329494555339919,0.9258043337145889,1.023733656119232
n0091.png,0.8744905299241845,1.8551638809455915,0.9259802895240505,1.024850982354765
n0092.png,0.8633833495502279,2.0095380843418305,0.864547479521062,2.0504350537942777
n0093.png,0.8736385640007873,2.0384099804509637,0.7103496186377644,4.024935211516739
n0094.png,0.7836506043966748,3.550722564739872,0.8371828855789798,2.573519929367941
n0095.png,0.8130361898170614,3.0469701349484,0.8940772534007257,1.6278145585277948
n0096.png,0.83563362621244,10.0,0.7248840810796392,4.016100374887959
n0099.png,0.8329086689129106,2.50380490091659,0.8441237899295162,2.3746148066396238
n0100.png,0.9162627242388132,1.215665461122348,0.9139454477258059,1.282465212414317
n0102.png,0.6995575222900677,4.143679034394347,0.6892705127120644,5.303799411755648
n0103.png,0.8329896908122683,2.5878710512736425,0.8337082543109392,2.6441823574130585
n0104.png,0.8407325195112472,2.22158861939437,0.81673243912118,3.064002337953898
n0105.png,0.8339167639973791,2.666576365308045,0.8014646057740753,3.0076938635966495
n0106.png,0.8682561308799345,1.673193252081894,0.7138063285862745,4.354926004559785
n0108.png,0.8242564697642639,3.1941524330114794,0.471367098737613,6.048395749908877
n0109.png,0.8910880080663324,1.6694682637502845,0.7728484853991553,3.2640853042236855
n0110.png,0.891866790571934,5.276002277251806,0.8491761727524052,1.9500459980089175
n0111.png,0.8712369769923232,1.9305003137904215,0.8224527154312534,2.6717698006380046
n0112.png,0.8998204668463073,1.5107639576155623,0.9350869751058826,0.8979390719442617
n0113.png,0.8477769405819314,2.906597458434412,0.8205128208512201,2.7243816128963902
n0114.png,0.8834241469146658,10.0,0.883085576771624,1.6239177656084198
n0115.png,0.8702743797979996,1.821063071377949,0.8647531576010261,1.8777021716378575
n0116.png,0.8936379614104478,1.4166160500452878,0.8192994669002565,2.5318622770175394
n0117.png,0.7858402621656335,10.0,0.9040106445466439,1.4121117967932089
n0118.png,0.8914257352702409,1.5740323886523402,0.8428446008717195,2.2170433116021675
n0119.png,0.7500232494420054,4.0929131231172935,0.8280691727482219,2.942889613311457
n0120.png,0.811750328243448,3.278858915456102,0.8471238558522649,2.4906456158671246
n0121.png,0.8976357990127174,1.444718980400966,0.889351948553132,1.5814513507440455
n0122.png,0.8299945116424297,2.229761136062425,0.793090357264445,3.2762700224442867
n0123.png,0.8687314840459297,2.0899847717275817,0.9324009325322438,0.9557866795211196
n0124.png,0.8390048614017702,2.359743419608453,0.7903420527357303,3.131979623564672
n0125.png,0.8387951010666699,2.0606599467079767,0.823708721721069,2.8756257421086713
n0126.png,0.8568621431643463,2.058319271350471,0.8692136651117572,1.9281434774557504
n0127.png,0.8363294315236572,2.4421433766686675,0.8504726441557252,2.502452366968838
n0129.png,0.8797984290204547,1.6548089915356126,0.8631276904931774,1.7427118823705539
n0130.png,0.8932598346947759,1.6838667791855129,0.855147282553455,1.656572453750084
n0131.png,0.8990465508137708,1.633893817665716,0.8688806891294448,1.6648181279953302
n0132.png,0.778483412427259,3.6996932290730413,0.8019518764900692,3.238051059005077
n0134.png,0.8554145924439727,2.3297404304841423,0.8597624508027455,2.0272456491693753
n0135.png,0.8620160141153801,2.238790456565957,0.89497716918955,1.4564809657529838
n0141.png,0.8673162091128928,1.9892985718071996,0.798771847428503,2.961722505242032
n0142.png,0.8741355464072524,2.016746574980406,0.8558413723048195,1.815728379731657
n0143.png,0.7755733946240978,3.2316070389120664,0.8236655101244992,2.769401196119255
n0145.png,0.8568983958239583,1.9715582365197046,0.8308308312541771,2.322716179827249
n0146.png,0.9167739168334235,1.1558420609080327,0.8304700167569854,2.0162117825300774
n0148.png,0.8185530178521417,2.7463697321592515,0.7685137240587423,3.1653428120160223
n0149.png,0.7985069057122008,2.7557462833625723,0.7893393825082524,2.8516017526969377
n0150.png,0.7758252073964513,3.7959026090249277,0.7736026308745829,3.334587545459265
n0151.png,0.8085815456110281,3.1359947664769763,0.8820471813633602,1.7118202023496505
n0152.png,0.8714226462715561,2.092441053180983,0.9280377508296545,1.0141317599742834
n0153.png,0.7654957569204556,3.5057963244779042,0.7424643050547077,4.2962949697667145
n0155.png,0.9329307465418664,0.9540619840049323,0.9441136052585579,0.7078454292934334
n0156.png,0.8773337701626811,1.4424862816496455,0.8059103435865005,2.7061499706102623
n0157.png,0.8943703999109008,1.4155048852470946,0.8861955630932712,1.630662966162668
n0158.png,0.8303701900691852,2.432197701489526,0.8008316012456724,2.972379064493678
n0160.png,0.8413289522881863,2.251941332433881,0.8724794096209049,1.5638762152399168
n0161.png,0.8306468208857625,2.229315587828112,0.8367228358769653,2.3184002132577475
n0162.png,0.5834362239607578,6.270818197687486,0.6899563322340194,5.8279168225809626
n0163.png,0.6577500530462307,4.634050064684075,0.6798751204612451,5.801499007294442
n0164.png,0.8314167434271983,2.537335266723389,0.8303687639254475,2.428928152082263
n0165.png,0.8474823968065083,1.937610643452037,0.7461939525626822,3.6891398017095964
n0166.png,0.8522816167846926,2.1002843369027238,0.8962075850375099,1.4905448970710107
n0167.png,0.8793845036170204,1.7208428319323088,0.8953422592959791,1.4814712609362033
n0168.png,0.8833963362120405,1.7782554268303765,0.8959412782902823,1.4925280256154023
n0169.png,0.8363871096696027,2.8776747118564394,0.9506633500193545,0.6793649086721893
n0171.png,0.9050352205158915,1.3244817853920212,0.8854865774213788,1.6391155855565924
n0172.png,0.9099842767885323,1.35906914422249,0.8411801637125544,1.8757289904116545
n0173.png,0.8646539331384583,1.8217229917724471,0.8036488031843814,2.7703135739224902
n0174.png,0.897235742586798,1.1650847406333307,0.8689223773985716,1.695180883866821
n0175.png,0.5780238149383499,10.0,0.5426725619086278,6.185186580076077
n0178.png,0.8063080496293015,3.258951090766251,0.8736645754219695,2.0437798742278126
n0179.png,0.8440425195176675,2.6223368303276247,0.8860302417376885,1.5777909572370916
n0180.png,0.8118836600849559,2.775779356101241,0.7240704507728218,3.976951882375217
n0181.png,0.9038221989747445,1.2773439511446707,0.8422375867541639,2.275473650246552
n0182.png,0.8530212618892178,2.48257405287212,0.8035387437353912,2.2425644234876985
n0183.png,0.8676643686633796,2.1080592066357493,0.898557259020385,1.3831648202547298
n0185.png,0.862336678746237,1.8268992179015417,0.7986862445929555,2.993799654213552
n0186.png,0.8701492538058845,2.115381550538188,0.8816145708057727,1.594552829892648
n0187.png,0.8692591941643151,1.9819384864538756,0.7504150532639318,3.357339778952654
n0188.png,0.8874447622254713,1.7106746877431953,0.8456827928791096,1.8611131421542781
n0189.png,0.8656770023550359,2.219723333834002,0.8526252987690176,1.7336443404219526
n0190.png,0.8577642453927967,2.40364921305755,0.9079021111378627,1.3547193360743472
n0191.png,0.9130729591042358,1.226790759520262,0.8531543628103239,1.8570987657415003
n0192.png,0.8887063205779897,1.851053386325785,0.7985470807528721,2.5269705013575785
n0193.png,0.8605108055678227,2.3466364941726314,0.8118657302656797,2.746161474093527
n0194.png,0.8633819952169209,2.1308588610830075,0.8553960663067622,1.869167020951335
n0195.png,0.8609103589064852,2.0091502456407495,0.865782032051812,1.8940976289615625
n0196.png,0.8477108742432087,2.1234351214410387,0.8099290784635247,2.6229184195365094
n0198.png,0.7811727480563766,3.629465028869693,0.8114305877378187,3.0205782118800757
n0201.png,0.8364178363952193,2.316983250634765,0.7857142861837988,3.205605369586979
n0202.png,0.838515436917826,2.643256603566111,0.9206804674714482,1.1497580757158152
n0203.png,0.9170347958141998,1.1769169278857423,0.9472783294295133,0.8083155087080542
n0204.png,0.8523908524838463,2.1081513310938713,0.8189886484644198,2.681334262916744
n0205.png,0.8653681385358039,2.057185280996908,0.8884892088559369,1.61548819527599
n0206.png,0.8691393296928017,2.127437844996805,0.9087265441633694,1.3834070997557186
n0208.png,0.8914159536895302,1.642992519467277,0.9283604137216388,1.052508217536813
n0209.png,0.8748538012305781,2.108296675802517,0.9462897527450711,0.8111975203060984
n0210.png,0.8455453986427578,2.704403868918569,0.9305607130884502,1.0587654352218334
n0212.png,0.8325215049059377,2.940729396520494,0.8282488594084823,2.315826014272271
n0213.png,0.7976966640661987,3.3855026808445663,0.8583142016098488,2.2220170605686334
n0214.png,0.7716526796271994,3.355683136240727,0.8303683991730377,2.9068269994070617
n0215.png,0.8024394338933366,2.774252581052939,0.8082468284194827,3.1098890745879015
n0216.png,0.84655644115228,2.2564220971422406,0.8348896438139015,2.461548677517686
n0217.png,0.7671682318321257,3.6340636636346115,0.8437025800049804,2.2167808662160313
n0218.png,0.8312162163302593,2.825754321289982,0.8319477437174172,2.8340544822944986
n0219.png,0.8324570353665094,1.8776433030376127,0.7460415386674039,3.7128505026681666
n0220.png,0.8724919940706543,1.681978709608039,0.8707482995395437,2.0131302712468693
n0221.png,0.8713285134030002,1.877761992901961,0.8790454398838747,1.9565504044531172
n0223.png,0.8106561287656495,2.5012183265476473,0.756214367716729,3.4223895937553364
n0224.png,0.8611898017816396,1.7977113515295118,0.8731114115303876,2.26080683837582
n0225.png,0.7765303396307602,2.8378167921608375,0.7845614038867343,3.227900312782056
n0226.png,0.887578721769008,1.343043163823923,0.7569984452624448,3.5740147966435836
n0227.png,0.802277360088369,2.6743849049292105,0.819565217783554,2.683653132404986
n0229.png,0.890757398063644,1.4903621712224213,0.892934890376143,1.5551691703254886
n0230.png,0.6134685829171774,4.691099640988046,0.6466758733017598,7.134095673658828
n0231.png,0.7966708924672485,2.7772747365507975,0.8131074011797814,3.294624954152743
n0232.png,0.88690196084345,1.9144849823453287,0.9274303972445679,0.9694210618402463
n0233.png,0.7427297599844311,3.9969900002474477,0.744372186519306,4.226581382474401
n0234.png,0.7010574611419138,4.191997613881326,0.6993901536525508,4.917405169306291
n0235.png,0.8410747066579103,2.4513013783808812,0.8586472258836629,1.9749814365187908
n0236.png,0.9057876265186239,1.4023979337992627,0.8629083924954888,1.647778729381837
n0237.png,0.8119085376173162,2.7946528617587125,0.8073590190543141,3.3046303616074972
n0238.png,0.8271245635716498,8.095202637059062,0.6588407936212737,3.889334158369811
n0239.png,0.8952551477952438,1.3397496833596243,0.8611170557219837,1.9351025751175082
n0240.png,0.8271481504280725,2.52441621591973,0.7788123323426189,3.342941750556614
n0242.png,0.8994660094991446,1.6195114064573175,0.9253634896197682,1.1892642962372617
n0244.png,0.8672945689090888,1.9217412213355698,0.8929020102184327,1.7098930812822275
n0245.png,0.6759737214476925,3.787810093803416,0.7170680229136832,5.863320455987589
n0246.png,0.8771286915945631,2.038018063902356,0.9001570565399214,1.3790306239805776
n0247.png,0.7046267452955886,4.009204855727884,0.7101063834070532,4.896398088711273
n0248.png,0.5556227330377129,5.218861772948138,0.5737222980848911,8.156261804344567
n0249.png,0.8577693916784286,2.329885591714686,0.9406502667458279,0.9144775850935506
n0251.png,0.8387223459623495,2.0538711327043733,0.8013018717635445,3.432929313568235
n0252.png,0.780367086110349,3.1964501919416253,0.7822591825609714,3.818172768268709
n0253.png,0.8744855967723839,2.005160759327506,0.8764507677340869,1.8434787843906455
n0255.png,0.8600759387521324,2.2671493739616397,0.906370243827319,1.5865464676471874
n0256.png,0.8925344234657194,1.6048067203420675,0.9081729253578843,1.4737502661425261
n0257.png,0.7660297818956757,2.5945624382351467,0.6731707321628282,5.682805414184664
n0258.png,0.9104177152048203,1.302098654872396,0.789444445029321,2.655705693018369
n0259.png,0.8677163038053882,1.5970423597439285,0.8440465535469175,2.364541098729684
n0260.png,0.8052201614318347,2.9459775052608497,0.844014870120424,2.6423085050834887
n0261.png,0.9084535663948112,1.3918649031867125,0.9342336260172402,1.1580072975849562
n0262.png,0.7796795702161013,2.9129563207682807,0.791948732022792,4.359960668763882
n0263.png,0.7545556432881343,3.8435224558854113,0.8224677718025158,3.7138309514000905
n0264.png,0.8827480133900292,1.962049360186015,0.8073136432083601,2.590343358856747
n0265.png,0.8555656727432474,2.247764618508951,0.8368558541038807,2.2481910604152584
n0267.png,0.8764334335705933,1.8599837846741774,0.9136260566612532,1.1899125475768932
n0269.png,0.7884881371483732,3.1811232875392603,0.7850467293244028,3.5948753511210016
n0270.png,0.8403296278743821,2.2863664750824233,0.8291378227987133,2.745366723689649
n0271.png,0.5722506397280606,8.374689375862067,0.7007636304372872,5.2968810495087215
n0272.png,0.8546471954042261,1.9427337098703348,0.8007230009021171,2.9211040836412927
n0273.png,0.714502615017431,4.110388661887141,0.718508997881573,4.488328800772545
n0274.png,0.7565895027752754,3.8885523797508315,0.7301637283845029,4.591595439643196
n0276.png,0.825711098798238,3.0039284380731566,0.906600660220131,1.4596427873294593
n0279.png,0.6377374786065751,4.571901517067496,0.6503611974712474,7.079377005409551
n0280.png,0.7869147245404836,2.500492008466236,0.7365476390710093,4.206925552838096
n0281.png,0.8786195485884531,1.8075009729227127,0.8345604161226496,2.4205417674068386
n0282.png,0.8370519820572917,2.2623597188682565,0.8540597915194413,2.2753178539168784
n0283.png,0.8779798893469778,1.920876672811441,0.8822877413383114,1.6205132396899198
n0285.png,0.8298731586201734,2.2488739145256313,0.7923664124779053,3.638388035925121
n0286.png,0.8853895660102769,1.4618282504175228,0.8779049603227455,1.8708383847285819
n0287.png,0.8042002818515813,2.5576307042293744,0.8155339808761197,2.8837547385147593
n0289.png,0.8128993730588836,2.355357392332179,0.8546842808693682,2.593649554513023
n0290.png,0.8764626186251616,1.9375902419390605,0.7794493335808989,2.5685678721027982
n0292.png,0.8800164643753746,1.5817636598943836,0.778506559590044,3.0796491632639675
n0295.png,0.8956300382394834,1.7117034335110497,0.9160912326509913,1.2274449873882063
n0296.png,0.8087206397996498,2.6474550752011465,0.8090614890366239,2.856887832159268
n0297.png,0.8296478297474857,2.4171225409916204,0.8284518831572641,2.575387874942239
n0298.png,0.8326435128372831,2.0976839172507438,0.8657739026291688,1.5506417695799743
n0299.png,0.8714639686808466,2.134551826608739,0.9369405213110393,0.9070980780536241
n0302.png,0.861390329139038,2.197728974036602,0.826532663665261,2.58102016661124
n0303.png,0.8023637558632103,2.6808191348661294,0.752290345750017,3.789017031669127
n0304.png,0.8046883213472678,3.1660707357946443,0.8730401532064241,1.852576877395807
n0306.png,0.8027749174555444,2.9008571540744454,0.786509601764548,3.6495696885369964
n0307.png,0.8427378610632676,2.4771590325254116,0.88526279648701,1.7945630760678637
n0308.png,0.8806984648536866,1.5667630766106955,0.8488145050923089,2.5113569455460802
n0309.png,0.818680346825473,2.798151918800089,0.8424543950664432,2.098732076277885
n0311.png,0.8760019432377933,1.784136089177098,0.8663146782126406,1.8737975005939687
n0315.png,0.9391168757962174,0.8445315655296481,0.9308565533259635,0.8507977936600577
n0317.png,0.8417594452504962,2.1397886729974807,0.752953624135155,3.662286665663776
n0319.png,0.9077900521390934,1.454702228855056,0.9174471794435914,1.1546068126569113
n0320.png,0.7871038361176657,3.425399945062697,0.8374917927815302,2.6056943677603144
n0321.png,0.7502450501126029,4.0501687850455355,0.836671552130481,2.4888910570559264
n0322.png,0.9299544419633012,0.9741167208092548,0.8889564956222802,1.317166240695498
n0323.png,0.7273940114679854,3.1467969256058748,0.61225312452186,6.705146188595767
n0324.png,0.8572688682632621,5.196120668604755,0.8708616534293759,1.7174543053116327
n0325.png,0.6952665774490736,7.3685609623924275,0.6749630363788035,6.099404106669291
n0327.png,0.8514489998848034,1.8796373782926266,0.8936683419222747,1.5724311413310317
n0330.png,0.8237545911625086,2.948397695428832,0.8501186114942451,2.02004465556116
n0333.png,0.8328574925908659,1.8360068179262161,0.7283357700389732,3.8873891801786904
n0334.png,0.798205677692685,2.47620785683105,0.7292837083404429,4.406098951550385
n0335.png,0.8996213475033069,1.329237751949802,0.8856216218689262,1.5646964151135876
n0336.png,0.8528086684614721,2.1926605028834936,0.885698303401644,1.6902678452912838
n0337.png,0.9247273377884693,1.105011328145637,0.9095137422631845,1.2709108935710278
n0338.png,0.798096964296286,3.1754327253325667,0.8153258595351413,3.5345256830360174
n0339.png,0.8327749702840412,2.635785183986059,0.8746611055794346,1.7769699619235526
n0340.png,0.7950799807349249,2.967348224705451,0.9130796079224205,1.3124693206991358
n0341.png,0.8905506458811746,1.8494428196459323,0.9214120074171296,1.0035662723772916
n0342.png,0.8178829718621645,2.016747476736728,0.6927978380135204,4.753698644201338
n0343.png,0.8367274027604663,2.2506972336164446,0.8899755503668026,1.5342665699134694
n0344.png,0.8688926618443736,1.9582116610956386,0.8704472109948198,1.808993627733
n0345.png,0.9048701523008403,1.2965437215623,0.8682245245284883,1.798750933551548
n0346.png,0.7795673564394047,2.7710122926033076,0.6660250247044754,4.798663143152741
n0347.png,0.8226269252078077,2.9160526510182114,0.910769230980428,1.1403944617621065
n0349.png,0.8128031038691963,3.207339118895005,0.9148936171524921,1.3576442784201306
n0350.png,0.8368155424991504,2.601160399533024,0.9030845773072944,1.352078453709506
n0351.png,0.8395802099752223,2.5756388461145137,0.8820290340696996,1.9215183585065727
n0352.png,0.7449493454914691,3.597539356768163,0.7858642411024068,3.156993851644728
n0353.png,0.800000000115307,2.9655692285374426,0.7538163841027384,3.554363992970595
n0354.png,0.7645510109240474,4.1821928751681074,0.8623066892820818,2.0320336950047304
n0355.png,0.815566835972072,2.681428142512348,0.8265726046052725,2.809076849821558
n0357.png,0.837635074789982,2.2677956864149715,0.9030172415883249,1.3330070709974935
n0358.png,0.8423544068250673,2.301055014874446,0.8107471133378574,2.5933184974819037
n0359.png,0.7574235617610154,3.4723747016465585,0.7350393706003163,3.8557369808040063
n0360.png,0.9080377481887161,1.3730171327016543,0.9127906979048872,1.1027655008580926
g0001.png,0.7990112413636565,2.401828938428951,0.8005695110336931,3.9352048943153934
g0002.png,0.18309706830094463,7.551660319078875,0.5244910662952341,10.0
g0004.png,0.8364426020763571,1.4947072193100002,0.8390290644538022,2.517451854733887
g0008.png,0.8263672072583507,2.7285458027799754,0.8554763450170506,2.2781092475400277
g0015.png,0.7845357333988795,3.3401864671256556,0.8338262976151838,3.071061993600276
g0031.png,0.4320383072891084,4.227978694220319,0.616506329502272,7.80317417410732
g0033.png,0.7707123831905522,2.6238461336765377,0.8012209083031656,3.510229914946141
n0004.png,0.847827832772964,1.9549959958591967,0.8247363926339801,2.2488489938100567
n0012.png,0.9191511866733978,1.138268467736219,0.9250000001644737,1.0098089538540047
n0015.png,0.8269427817359959,2.5219927319033255,0.8737835448631914,2.0440628053523557
n0024.png,0.9367845332378628,0.8796585090388322,0.9443447038812194,0.7731018385351476
n0028.png,0.8321331190434642,2.2325014270702823,0.844506148662225,2.3206364273453968
n0031.png,0.8753767063313971,1.8702688481456788,0.9106382980624717,1.235417106433801
n0032.png,0.8594516595530651,1.8668691922475384,0.7622682667331836,3.193740750860227
n0045.png,0.8543050894894821,2.013722450239432,0.8606439215265644,1.7896609922551638
n0050.png,0.7910603999837431,2.9333822156035154,0.8646941879725246,2.5041700641331213
n0054.png,0.750461280542096,3.2831297237240435,0.7445751003217661,4.589808795154518
n0055.png,0.8669600338375067,1.9468853387453229,0.8435627198934436,2.3082796102010916
n0056.png,0.8787814457707348,1.9054124912490478,0.864823930585339,2.0851078797069973
n0064.png,0.8849120642487429,1.694176056687657,0.8849396220438834,1.5894181870231587
n0069.png,0.9080097087936835,1.4167845533510788,0.904648956582901,1.2803470670473498
n0072.png,0.8557533217068171,2.288641586594931,0.8739302174556777,2.0916735829449173
n0077.png,0.8439178950985361,2.7429509177499254,0.9008628281372375,1.5087614492582069
n0087.png,0.800608224381457,2.526850536004475,0.7336757158223117,4.261211065618212
n0097.png,0.6022315403295917,5.542490115364191,0.411806376831626,10.0
n0098.png,0.9077486272679997,1.456344850976389,0.9058670145870482,1.2098830581450035
n0101.png,0.7807121816214212,3.257897689721882,0.7774417904786184,3.7040448711772758
n0107.png,0.9207516886773546,1.1176112093273898,0.9052132703667933,1.2856405881153754
n0128.png,0.9042275173434653,1.5943218489800208,0.9389055473408816,0.9181360561863988
n0133.png,0.8652037618259123,2.22988173873667,0.9401357746551414,0.8304244825493016
n0136.png,0.8896574659862604,1.5269318103966978,0.8605135325919189,1.9220602397896807
n0137.png,0.8888756480433322,1.7703120486331922,0.93200000017,0.8685388593676785
n0138.png,0.9135266000909265,1.247656938085377,0.9030704396888011,1.4075363191078196
n0139.png,0.7886707163521184,2.4795000903432216,0.7558922563032117,3.97209699044844
n0140.png,0.7865329514423116,2.603732430674363,0.8442358465176946,2.5795494474485836
n0144.png,0.7677388073640384,1.9828608244468784,0.4251679919817715,10.0
n0147.png,0.8505054563496649,2.0105030140695233,0.8303368468064956,2.5542971972351847
n0154.png,0.9082992136814849,1.330159302718226,0.9147659065671888,1.094145752050022
n0159.png,0.4788177343851324,9.899289797902469,0.24257784488567033,10.0
n0170.png,0.822792914688203,2.22949403882331,0.7708201565025931,3.3694187754831812
n0176.png,0.8725291164266861,2.130520471214183,0.9039443157681107,1.2311087451726876
n0177.png,0.9021582734452857,1.452351039626905,0.8809093260632671,1.4729986819924221
n0184.png,0.879282910852189,1.9276809203987846,0.9237175848500518,1.10765901957057
n0197.png,0.8819491683371782,1.6859114881383768,0.8885128785701958,1.6267229660548064
n0199.png,0.8307242550779308,2.9111741897940515,0.9423438837598908,0.8607970531020852
n0200.png,0.811951818610717,5.8929206944583665,0.8070519102702215,3.030306247187619
n0207.png,0.8717174766847464,1.918040246114777,0.9221995928264775,1.0901391663193738
n0211.png,0.8274686607502372,2.704230656340785,0.9048923680921871,1.328961962695756
n0222.png,0.820936938995083,2.5815730530840018,0.8248875564844265,2.8456315670025023
n0228.png,0.8250431283603773,2.445403025070686,0.9341266469738065,0.8960082176624652
n0241.png,0.8145612534957796,2.334815980941178,0.7276483851847326,4.067382727254283
n0243.png,0.8722598274406882,1.768328051713799,0.8347284410458858,2.57813490258871
n0250.png,0.8616102937935771,2.1663187928116696,0.903105125508595,1.3659157333233511
n0254.png,0.7338516455264527,4.488285519076511,0.8386197284095159,2.383653715895128
n0266.png,0.858575851480758,2.0537905852511495,0.8387248011281652,2.2053776268479264
n0268.png,0.8900821226215526,1.6456691304945739,0.9432132965299787,0.7637917704401564
n0275.png,0.8326982304991918,2.674082829806217,0.8896822565339482,1.682889173572483
n0277.png,0.8083447066950382,2.5773556649651312,0.7672157178662122,3.275143211710745
n0278.png,0.7817649214074424,3.000255158438687,0.7917355375343215,3.355392865892462
n0284.png,0.7189566724031419,3.5270638989060874,0.61879854236995,6.112806963169073
n0288.png,0.8223787168607337,2.2755937734254106,0.8082081114748617,2.973852412494576
n0291.png,0.8890339426311789,1.676943835140752,0.9040417929501188,1.2117861950223334
n0293.png,0.8751891955552513,1.8147342875394068,0.8916116872919666,1.6441065249062787
n0294.png,0.7325690869288536,3.9437092685837456,0.7206314248887089,4.430090684372484
n0300.png,0.885582565022222,1.8416157576677226,0.7968416564301288,2.890166501133933
n0301.png,0.8393104595979655,2.453428594289406,0.7856701672108912,3.3739022620604535
n0305.png,0.8631578948077999,2.288650779163958,0.9309344168486469,1.0187866276336963
n0310.png,0.8126343445112048,2.7946198075817352,0.7981530347446064,2.969020334198092
n0312.png,0.8419735196350876,2.21809159554489,0.8719280721839598,1.8653493926693037
n0313.png,0.8500377666317833,2.1274818849417203,0.8871331830262283,1.8090543764184814
n0314.png,0.8641873845187402,1.9470601162657397,0.8989478837804065,1.3130216829446266
n0316.png,0.7366288494485218,3.209402171575142,0.6629331472472294,5.4949093818884185
n0318.png,0.8485165534350821,1.9025147574616472,0.8409908959538622,2.187190029416305
n0326.png,0.8206830515029154,2.444637209229445,0.8541114061119526,2.124159830136854
n0328.png,0.8974069899360549,1.2460918193063468,0.8781163437716614,1.60329433558082
n0329.png,0.7203042369004075,3.867357147921223,0.7666131624933978,3.7788389295224354
n0331.png,0.8878810252674396,1.7184479780482453,0.916432235782836,1.297579819654188
n0332.png,0.871522852111563,1.9820653349530177,0.9358125320025152,0.7955080629377794
n0348.png,0.8876391050091904,1.8014301758103048,0.9178644765968571,1.0384855530147497
n0356.png,0.7756014581892581,3.624240163065855,0.8342575480063809,2.646663633612237
